{"Train/loss": 2.0477463603019714, "total epoch": 0, "_runtime": 82, "_timestamp": 1620786559, "_step": 19, "Time": 83.57894515991211}